{"_wandb":{"runtime":93},"_runtime":93.196681708,"train_vq_loss":1.6965851727945847e-06,"train_perplexity":1.002943754196167,"train_recon_loss":0.0549691841006279,"lr":0.00099115248173898,"_timestamp":1.753897624399283e+09,"_step":3000}