{"_step":3,"train_vq_loss":1.6182100353034912e-06,"_wandb":{"runtime":66},"_runtime":66.651502083,"train_perplexity":1.002943754196167,"train_recon_loss":0.05506085976958275,"lr":0.0009960612933065818,"_timestamp":1.7538977075890949e+09}