{"_step": 71, "train_vq_loss": 0.0027514896355569363, "train_perplexity": 5.448102951049805, "train_recon_loss": 0.011508961208164692, "lr": 0.0003611439425334051, "_timestamp": 1753886182.0492587, "_runtime": 40.877957564}