{"train_vq_loss":0.00013044956722296774,"train_perplexity":1.7251639366149902,"train_recon_loss":2.665535248524975e-05,"lr":0.001,"_wandb":{"runtime":111},"_runtime":111.104974166,"_timestamp":1.753819031149153e+09,"_step":0}