{"_step": 565, "train_vq_loss": NaN, "train_perplexity": 1, "train_recon_loss": NaN, "lr": 0.0008066470732996619, "_timestamp": 1753885724.773224, "_runtime": 306.465154732}