{"_step": 444, "train_vq_loss": NaN, "train_perplexity": 1, "train_recon_loss": NaN, "lr": 0.0008646198293969952, "_timestamp": 1753885659.3362932, "_runtime": 241.029173696}